{"cameraMode":{"drawMode":0,"name":"Shaded","section":"Shading Mode"},"sceneLighting":true,"audioPlay":false,"sceneViewState":{"showFog":true,"showMaterialUpdate":false,"showSkybox":true,"showFlares":true,"showImageEffects":true,"showParticleSystems":true},"in2DMode":false,"pivot":{"x":13.291888236999512,"y":1.4739748239517213,"z":33.90266036987305},"rotation":{"x":0.31440675258636477,"y":0.3485870361328125,"z":-0.1253952533006668,"w":0.8740278482437134},"size":2.26745343208313,"orthographic":false}